{
  "cash_balance": 14.78,
  "portfolio": {
    "BTCUSDT": {
      "quantity": 0.00044235939164377207,
      "entry_price": 101727.24,
      "total_cost": 45.0
    },
    "ETHUSDT": {
      "quantity": 0.013294690100773752,
      "entry_price": 3384.81,
      "total_cost": 45.0
    },
    "SOLUSDT": {
      "quantity": 0.27355014927269267,
      "entry_price": 157.43,
      "total_cost": 43.07
    },
    "AVAXUSDT": {
      "quantity": 1.5156189994216311,
      "entry_price": 17.29,
      "total_cost": 26.21
    },
    "LINKUSDT": {
      "quantity": 1.0401679351761253,
      "entry_price": 15.33,
      "total_cost": 15.95
    },
    "DOTUSDT": {
      "quantity": 3.152585119798234,
      "entry_price": 3.172,
      "total_cost": 10.0
    }
  },
  "cycle_count": 115
}